/*
SQLyog Ultimate v11.11 (64 bit)
MySQL - 5.7.23 : Database - native_instruments
*********************************************************************
*/


/*!40101 SET NAMES utf8 */;

/*!40101 SET SQL_MODE=''*/;

/*!40014 SET @OLD_UNIQUE_CHECKS=@@UNIQUE_CHECKS, UNIQUE_CHECKS=0 */;
/*!40014 SET @OLD_FOREIGN_KEY_CHECKS=@@FOREIGN_KEY_CHECKS, FOREIGN_KEY_CHECKS=0 */;
/*!40101 SET @OLD_SQL_MODE=@@SQL_MODE, SQL_MODE='NO_AUTO_VALUE_ON_ZERO' */;
/*!40111 SET @OLD_SQL_NOTES=@@SQL_NOTES, SQL_NOTES=0 */;
CREATE DATABASE /*!32312 IF NOT EXISTS*/`native_instruments` /*!40100 DEFAULT CHARACTER SET latin1 */;

USE `native_instruments`;

/*Table structure for table `products` */

DROP TABLE IF EXISTS `products`;

CREATE TABLE `products` (
  `sku` varchar(250) NOT NULL,
  `name` varchar(250) NOT NULL,
  `created_at` timestamp NULL DEFAULT CURRENT_TIMESTAMP,
  `updated_at` timestamp NULL DEFAULT CURRENT_TIMESTAMP,
  PRIMARY KEY (`sku`)
) ENGINE=InnoDB DEFAULT CHARSET=latin1;

/*Data for the table `products` */

insert  into `products`(`sku`,`name`,`created_at`,`updated_at`) values ('battery-4','Battery 4','2019-07-27 21:52:01','2019-07-27 21:52:01'),('guitar-rig-5','Guitar Rig 5','2019-07-27 21:52:01','2019-07-27 21:52:01'),('komplete-12','Komplete 12','2019-07-27 21:52:01','2019-07-27 21:52:01'),('komplete-audio-2','Komplete Audio 2','2019-07-27 21:52:01','2019-07-27 21:52:01'),('komplete-kontrol-m32','Komplete Kontrol M32','2019-07-27 21:52:01','2019-07-27 21:52:01'),('komplete-kontrol-s49-black','Komplete Kontrol S49 Black','2019-07-27 21:52:01','2019-07-27 21:52:01'),('komplete-kontrol-s61','Komplete Kontrol S61','2019-07-27 21:52:01','2019-07-27 21:52:01'),('kontakt-6','Kontakt 6','2019-07-27 21:52:01','2019-07-27 21:52:01'),('lone-forest','Lone Forest','2019-07-27 21:52:01','2019-07-27 21:52:01'),('maschine','Maschine','2019-07-27 21:52:01','2019-07-27 21:52:01'),('maschine-jam','Maschine JAM','2019-07-27 21:52:01','2019-07-27 21:52:01'),('massive','Massive','2019-07-27 21:52:01','2019-07-27 21:52:01'),('reaktor-6','Reaktor 6','2019-07-27 21:52:01','2019-07-27 21:52:01'),('test-123','test 123','2019-07-28 14:21:52','2019-07-28 14:21:52'),('traktor-kontrol-s4','Traktor Kontrol S4','2019-07-27 21:52:01','2019-07-27 21:52:01'),('traktor-kontrol-s8','Traktor Kontrol S8','2019-07-27 21:52:01','2019-07-27 21:52:01'),('traktor-kontrol-z2','Traktor Kontrol Z2','2019-07-27 21:52:01','2019-07-27 21:52:01'),('traktor-pro-3','Traktor PRO 3','2019-07-27 21:52:01','2019-07-27 21:52:01'),('una-corda','Una Corda','2019-07-27 21:52:01','2019-07-27 21:52:01');

/*Table structure for table `purchaseds` */

DROP TABLE IF EXISTS `purchaseds`;

CREATE TABLE `purchaseds` (
  `user_id` int(10) unsigned NOT NULL,
  `product_sku` varchar(250) NOT NULL,
  KEY `user_id` (`user_id`),
  KEY `product_sku` (`product_sku`),
  CONSTRAINT `purchaseds_ibfk_1` FOREIGN KEY (`user_id`) REFERENCES `users` (`id`),
  CONSTRAINT `purchaseds_ibfk_2` FOREIGN KEY (`product_sku`) REFERENCES `products` (`sku`)
) ENGINE=InnoDB DEFAULT CHARSET=latin1;

/*Data for the table `purchaseds` */

insert  into `purchaseds`(`user_id`,`product_sku`) values (1,'battery-4'),(1,'una-corda'),(1,'kontakt-6'),(2,'battery-4'),(2,'komplete-kontrol-m32'),(2,'kontakt-6'),(3,'massive'),(3,'komplete-audio-2'),(3,'reaktor-6'),(4,'massive'),(4,'komplete-audio-2'),(4,'reaktor-6'),(5,'komplete-kontrol-s49-black'),(5,'komplete-audio-2'),(5,'komplete-12'),(6,'traktor-kontrol-s4'),(6,'traktor-kontrol-s8'),(6,'traktor-pro-3'),(7,'guitar-rig-5'),(7,'komplete-kontrol-m32'),(7,'kontakt-6'),(8,'battery-4'),(8,'komplete-kontrol-m32'),(8,'kontakt-6'),(9,'traktor-kontrol-s4'),(9,'traktor-kontrol-z2'),(9,'traktor-pro-3'),(10,'guitar-rig-5'),(10,'una-corda'),(10,'kontakt-6'),(11,'komplete-kontrol-s49-black'),(11,'komplete-audio-2'),(11,'komplete-12'),(12,'maschine-jam'),(12,'lone-forest'),(12,'maschine'),(13,'traktor-kontrol-s4'),(13,'traktor-kontrol-s8'),(13,'traktor-pro-3'),(14,'massive'),(14,'komplete-audio-2'),(14,'reaktor-6'),(15,'komplete-kontrol-s49-black'),(15,'komplete-audio-2'),(15,'komplete-12'),(16,'traktor-kontrol-s4'),(16,'traktor-kontrol-z2'),(16,'traktor-pro-3'),(17,'massive'),(17,'komplete-audio-2'),(17,'reaktor-6'),(18,'massive'),(18,'komplete-audio-2'),(18,'reaktor-6'),(19,'traktor-kontrol-s4'),(19,'traktor-kontrol-s8'),(19,'traktor-pro-3'),(20,'massive'),(20,'komplete-audio-2'),(20,'reaktor-6'),(21,'massive'),(21,'komplete-audio-2'),(21,'reaktor-6'),(22,'komplete-kontrol-s61'),(22,'komplete-audio-2'),(22,'komplete-12'),(23,'maschine-jam'),(23,'lone-forest'),(23,'maschine'),(24,'massive'),(24,'komplete-audio-2'),(24,'reaktor-6'),(25,'komplete-kontrol-s49-black'),(25,'komplete-kontrol-s61'),(25,'komplete-12'),(26,'traktor-kontrol-s4'),(26,'traktor-kontrol-z2'),(26,'traktor-pro-3'),(27,'komplete-kontrol-s49-black'),(27,'komplete-audio-2'),(27,'komplete-12'),(28,'una-corda'),(28,'komplete-kontrol-m32'),(28,'kontakt-6'),(29,'traktor-kontrol-s8'),(29,'traktor-kontrol-z2'),(29,'traktor-pro-3'),(30,'komplete-kontrol-s49-black'),(30,'komplete-kontrol-s61'),(30,'komplete-12'),(31,'massive'),(31,'komplete-audio-2'),(31,'reaktor-6'),(32,'massive'),(32,'komplete-audio-2'),(32,'reaktor-6'),(33,'guitar-rig-5'),(33,'una-corda'),(33,'kontakt-6'),(34,'guitar-rig-5'),(34,'battery-4'),(34,'kontakt-6'),(35,'traktor-kontrol-s4'),(35,'traktor-kontrol-z2'),(35,'traktor-pro-3'),(36,'maschine-jam'),(36,'lone-forest'),(36,'maschine'),(37,'massive'),(37,'komplete-audio-2'),(37,'reaktor-6'),(38,'una-corda'),(38,'komplete-kontrol-m32'),(38,'kontakt-6'),(39,'maschine-jam'),(39,'massive'),(39,'maschine'),(40,'traktor-kontrol-s4'),(40,'traktor-kontrol-s8'),(40,'traktor-pro-3'),(41,'maschine-jam'),(41,'lone-forest'),(41,'maschine'),(42,'maschine-jam'),(42,'lone-forest'),(42,'maschine'),(43,'traktor-kontrol-s4'),(43,'traktor-kontrol-s8'),(43,'traktor-pro-3'),(44,'massive'),(44,'komplete-audio-2'),(44,'reaktor-6'),(45,'maschine-jam'),(45,'massive'),(45,'maschine'),(46,'maschine-jam'),(46,'lone-forest'),(46,'maschine'),(47,'lone-forest'),(47,'massive'),(47,'maschine'),(48,'guitar-rig-5'),(48,'komplete-kontrol-m32'),(48,'kontakt-6'),(49,'maschine-jam'),(49,'lone-forest'),(49,'maschine'),(50,'komplete-kontrol-s49-black'),(50,'komplete-kontrol-s61'),(50,'komplete-12'),(51,'maschine-jam'),(51,'lone-forest'),(51,'maschine'),(52,'una-corda'),(52,'komplete-kontrol-m32'),(52,'kontakt-6'),(53,'lone-forest'),(53,'massive'),(53,'maschine'),(54,'traktor-kontrol-s4'),(54,'traktor-kontrol-s8'),(54,'traktor-pro-3'),(55,'massive'),(55,'komplete-audio-2'),(55,'reaktor-6'),(56,'komplete-kontrol-s61'),(56,'komplete-audio-2'),(56,'komplete-12'),(57,'traktor-kontrol-s4'),(57,'traktor-kontrol-s8'),(57,'traktor-pro-3'),(58,'guitar-rig-5'),(58,'una-corda'),(58,'kontakt-6'),(59,'lone-forest'),(59,'massive'),(59,'maschine'),(60,'maschine-jam'),(60,'massive'),(60,'maschine'),(61,'komplete-kontrol-s49-black'),(61,'komplete-audio-2'),(61,'komplete-12'),(62,'traktor-kontrol-s8'),(62,'traktor-kontrol-z2'),(62,'traktor-pro-3'),(63,'maschine-jam'),(63,'massive'),(63,'maschine'),(64,'traktor-kontrol-s8'),(64,'traktor-kontrol-z2'),(64,'traktor-pro-3'),(65,'traktor-kontrol-s8'),(65,'traktor-kontrol-z2'),(65,'traktor-pro-3'),(66,'una-corda'),(66,'komplete-kontrol-m32'),(66,'kontakt-6'),(67,'traktor-kontrol-s8'),(67,'traktor-kontrol-z2'),(67,'traktor-pro-3'),(68,'battery-4'),(68,'komplete-kontrol-m32'),(68,'kontakt-6'),(69,'komplete-kontrol-s49-black'),(69,'komplete-audio-2'),(69,'komplete-12'),(70,'massive'),(70,'komplete-audio-2'),(70,'reaktor-6'),(71,'traktor-kontrol-s8'),(71,'traktor-kontrol-z2'),(71,'traktor-pro-3'),(72,'guitar-rig-5'),(72,'battery-4'),(72,'kontakt-6'),(73,'lone-forest'),(73,'massive'),(73,'maschine'),(74,'massive'),(74,'komplete-audio-2'),(74,'reaktor-6'),(75,'battery-4'),(75,'una-corda'),(75,'kontakt-6'),(76,'maschine-jam'),(76,'massive'),(76,'maschine'),(77,'una-corda'),(77,'komplete-kontrol-m32'),(77,'kontakt-6'),(78,'massive'),(78,'komplete-audio-2'),(78,'reaktor-6'),(79,'komplete-kontrol-s61'),(79,'komplete-audio-2'),(79,'komplete-12'),(80,'guitar-rig-5'),(80,'komplete-kontrol-m32'),(80,'kontakt-6'),(81,'massive'),(81,'komplete-audio-2'),(81,'reaktor-6'),(82,'komplete-kontrol-s49-black'),(82,'komplete-audio-2'),(82,'komplete-12'),(83,'traktor-kontrol-s4'),(83,'traktor-kontrol-z2'),(83,'traktor-pro-3'),(84,'lone-forest'),(84,'massive'),(84,'maschine'),(85,'traktor-kontrol-s4'),(85,'traktor-kontrol-z2'),(85,'traktor-pro-3'),(86,'guitar-rig-5'),(86,'una-corda'),(86,'kontakt-6'),(87,'komplete-kontrol-s49-black'),(87,'komplete-audio-2'),(87,'komplete-12'),(88,'maschine-jam'),(88,'lone-forest'),(88,'maschine'),(89,'battery-4'),(89,'una-corda'),(89,'kontakt-6'),(90,'maschine-jam'),(90,'lone-forest'),(90,'maschine'),(91,'traktor-kontrol-s8'),(91,'traktor-kontrol-z2'),(91,'traktor-pro-3'),(92,'lone-forest'),(92,'massive'),(92,'maschine'),(93,'guitar-rig-5'),(93,'una-corda'),(93,'kontakt-6'),(94,'lone-forest'),(94,'massive'),(94,'maschine'),(95,'una-corda'),(95,'komplete-kontrol-m32'),(95,'kontakt-6'),(96,'maschine-jam'),(96,'lone-forest'),(96,'maschine'),(97,'massive'),(97,'komplete-audio-2'),(97,'reaktor-6'),(98,'massive'),(98,'komplete-audio-2'),(98,'reaktor-6'),(99,'maschine-jam'),(99,'lone-forest'),(99,'maschine'),(100,'traktor-kontrol-s8'),(100,'traktor-kontrol-z2'),(100,'traktor-pro-3'),(102,'maschine'),(103,'traktor-pro-3'),(104,'komplete-12'),(105,'kontakt-6'),(106,'reaktor-6'),(105,'test-123');

/*Table structure for table `users` */

DROP TABLE IF EXISTS `users`;

CREATE TABLE `users` (
  `id` int(10) unsigned NOT NULL AUTO_INCREMENT,
  `name` varchar(250) NOT NULL,
  `email` varchar(250) NOT NULL,
  `password` varchar(250) DEFAULT NULL,
  `created_at` timestamp NULL DEFAULT CURRENT_TIMESTAMP,
  `updated_at` timestamp NULL DEFAULT CURRENT_TIMESTAMP,
  PRIMARY KEY (`id`)
) ENGINE=InnoDB AUTO_INCREMENT=1 DEFAULT CHARSET=latin1;

/*Data for the table `users` */

insert  into `users`(`id`,`name`,`email`,`password`,`created_at`,`updated_at`) values (1,'Weston Ratke','mac94@moen.com','secret','2019-07-27 15:29:00','2019-07-27 15:29:00'),(2,'Dr. Alberto Boyle I','clark32@yahoo.com','secret','2019-07-27 15:29:00','2019-07-27 15:29:00'),(3,'Candelario Kassulke','roselyn62@gmail.com','secret','2019-07-27 15:29:00','2019-07-27 15:29:00'),(4,'Abner Mueller','kabbott@yahoo.com','secret','2019-07-27 15:29:00','2019-07-27 15:29:00'),(5,'Mrs. Odie Miller Jr.','boyer.kallie@hotmail.com','secret','2019-07-27 15:29:00','2019-07-27 15:29:00'),(6,'Prof. Santa Reichert','aparker@dicki.net','secret','2019-07-27 15:29:00','2019-07-27 15:29:00'),(7,'Julio Will','brooklyn.stracke@yahoo.com','secret','2019-07-27 15:29:00','2019-07-27 15:29:00'),(8,'Mr. Vinnie Ziemann','antonietta.witting@conroy.net','secret','2019-07-27 15:29:00','2019-07-27 15:29:00'),(9,'Alexa Ledner','pasquale.cruickshank@yahoo.com','secret','2019-07-27 15:29:00','2019-07-27 15:29:00'),(10,'Mrs. Janet Rolfson Sr.','wrice@yahoo.com','secret','2019-07-27 15:29:00','2019-07-27 15:29:00'),(11,'Mrs. Meghan Mueller','ozella26@waelchi.com','secret','2019-07-27 15:29:00','2019-07-27 15:29:00'),(12,'Dr. August Auer V','reggie.gerhold@schiller.com','secret','2019-07-27 15:29:00','2019-07-27 15:29:00'),(13,'Dr. Lelia Hansen II','gudrun.gerhold@yahoo.com','secret','2019-07-27 15:29:00','2019-07-27 15:29:00'),(14,'Ila Collins','imogene.steuber@yahoo.com','secret','2019-07-27 15:29:00','2019-07-27 15:29:00'),(15,'Ms. Ashtyn Fritsch Sr.','derrick35@gmail.com','secret','2019-07-27 15:29:00','2019-07-27 15:29:00'),(16,'Ford Kovacek III','luis.rohan@ondricka.com','secret','2019-07-27 15:29:00','2019-07-27 15:29:00'),(17,'Miss Kenyatta Legros IV','skylar15@hotmail.com','secret','2019-07-27 15:29:00','2019-07-27 15:29:00'),(18,'Eleanora DuBuque','kautzer.alexis@gorczany.com','secret','2019-07-27 15:29:00','2019-07-27 15:29:00'),(19,'Avery Boyle','bheidenreich@brakus.com','secret','2019-07-27 15:29:00','2019-07-27 15:29:00'),(20,'Carlo Lueilwitz','zackary.parker@turner.biz','secret','2019-07-27 15:29:00','2019-07-27 15:29:00'),(21,'Mr. Marcus Schneider','llewellyn13@torphy.org','secret','2019-07-27 15:29:00','2019-07-27 15:29:00'),(22,'Janae Hoppe','grimes.claudia@dietrich.biz','secret','2019-07-27 15:29:00','2019-07-27 15:29:00'),(23,'Lucy Labadie','nasir.strosin@kub.com','secret','2019-07-27 15:29:00','2019-07-27 15:29:00'),(24,'Bill Beier','dkeeling@gmail.com','secret','2019-07-27 15:29:00','2019-07-27 15:29:00'),(25,'Prof. Brandy Ritchie','predovic.lonie@hotmail.com','secret','2019-07-27 15:29:00','2019-07-27 15:29:00'),(26,'Ms. Tiffany Kuhlman MD','cormier.georgianna@hotmail.com','secret','2019-07-27 15:29:00','2019-07-27 15:29:00'),(27,'Dr. Anna Stokes Jr.','wleuschke@gmail.com','secret','2019-07-27 15:29:00','2019-07-27 15:29:00'),(28,'Araceli Lind','fahey.dana@krajcik.com','secret','2019-07-27 15:29:00','2019-07-27 15:29:00'),(29,'Prof. Damien Runolfsdottir DDS','roman67@yahoo.com','secret','2019-07-27 15:29:00','2019-07-27 15:29:00'),(30,'Mafalda Von','alfredo.lindgren@windler.com','secret','2019-07-27 15:29:00','2019-07-27 15:29:00'),(31,'Dr. Albert Bruen Sr.','adolphus19@stanton.biz','secret','2019-07-27 15:29:00','2019-07-27 15:29:00'),(32,'Prof. Favian Runolfsson DVM','cedrick.becker@marks.org','secret','2019-07-27 15:29:00','2019-07-27 15:29:00'),(33,'Gino Ledner','purdy.gaylord@adams.com','secret','2019-07-27 15:29:00','2019-07-27 15:29:00'),(34,'Miss Britney Walker','lorna65@kuhic.com','secret','2019-07-27 15:29:00','2019-07-27 15:29:00'),(35,'Gerardo Toy','aufderhar.kasandra@hotmail.com','secret','2019-07-27 15:29:00','2019-07-27 15:29:00'),(36,'Mrs. Leonora Prosacco','sallie.orn@hotmail.com','secret','2019-07-27 15:29:00','2019-07-27 15:29:00'),(37,'Alysson Herzog PhD','chelsey.kiehn@gislason.com','secret','2019-07-27 15:29:00','2019-07-27 15:29:00'),(38,'Dr. Wilfred Leuschke','gdietrich@ledner.com','secret','2019-07-27 15:29:00','2019-07-27 15:29:00'),(39,'Carleton Friesen','rhoda86@gmail.com','secret','2019-07-27 15:29:00','2019-07-27 15:29:00'),(40,'Jordy Lehner','joana.botsford@hotmail.com','secret','2019-07-27 15:29:00','2019-07-27 15:29:00'),(41,'Carole Price','hans.dibbert@yahoo.com','secret','2019-07-27 15:29:00','2019-07-27 15:29:00'),(42,'Ms. Albina Zulauf III','bertram95@bernhard.org','secret','2019-07-27 15:29:00','2019-07-27 15:29:00'),(43,'Dr. Leilani Hudson III','kuhic.claudine@yost.com','secret','2019-07-27 15:29:00','2019-07-27 15:29:00'),(44,'Andre Hessel','ellsworth.kovacek@weber.biz','secret','2019-07-27 15:29:00','2019-07-27 15:29:00'),(45,'Alexandrea Farrell','ebert.dortha@hotmail.com','secret','2019-07-27 15:29:00','2019-07-27 15:29:00'),(46,'Maurine Bartell','okeefe.joy@gmail.com','secret','2019-07-27 15:29:00','2019-07-27 15:29:00'),(47,'Laney Cummerata','jacinthe.gleason@herman.com','secret','2019-07-27 15:29:00','2019-07-27 15:29:00'),(48,'Jamarcus Weissnat','marion30@rodriguez.com','secret','2019-07-27 15:29:00','2019-07-27 15:29:00'),(49,'Chadd Grady','dell88@jones.com','secret','2019-07-27 15:29:00','2019-07-27 15:29:00'),(50,'Ambrose Kunze','kgutkowski@hotmail.com','secret','2019-07-27 15:29:00','2019-07-27 15:29:00'),(51,'Parker Goldner','turner.rosie@berge.com','secret','2019-07-27 15:29:00','2019-07-27 15:29:00'),(52,'Jerad Murray I','farrell.gaylord@yahoo.com','secret','2019-07-27 15:29:00','2019-07-27 15:29:00'),(53,'Mrs. Ethelyn Terry Jr.','theresia92@hotmail.com','secret','2019-07-27 15:29:00','2019-07-27 15:29:00'),(54,'August Kemmer','molly.walker@streich.com','secret','2019-07-27 15:29:00','2019-07-27 15:29:00'),(55,'Manuel Lakin','destini90@bergnaum.info','secret','2019-07-27 15:29:00','2019-07-27 15:29:00'),(56,'Iva Botsford','ljerde@gmail.com','secret','2019-07-27 15:29:00','2019-07-27 15:29:00'),(57,'Aryanna Stracke','jschaefer@hotmail.com','secret','2019-07-27 15:29:00','2019-07-27 15:29:00'),(58,'Bartholome Mann','jevon.kessler@hotmail.com','secret','2019-07-27 15:29:00','2019-07-27 15:29:00'),(59,'Autumn Breitenberg','blanche.rosenbaum@jacobs.com','secret','2019-07-27 15:29:00','2019-07-27 15:29:00'),(60,'Kevon Metz','runte.sabrina@bednar.net','secret','2019-07-27 15:29:00','2019-07-27 15:29:00'),(61,'Rosario Breitenberg','rashawn64@carroll.org','secret','2019-07-27 15:29:00','2019-07-27 15:29:00'),(62,'Betsy Bartoletti','juvenal53@schowalter.net','secret','2019-07-27 15:29:00','2019-07-27 15:29:00'),(63,'Garrison Dickinson','eichmann.darion@yahoo.com','secret','2019-07-27 15:29:00','2019-07-27 15:29:00'),(64,'Isidro Satterfield','marisol03@lueilwitz.com','secret','2019-07-27 15:29:00','2019-07-27 15:29:00'),(65,'Jaylin Larkin Sr.','gottlieb.jaron@yahoo.com','secret','2019-07-27 15:29:00','2019-07-27 15:29:00'),(66,'Ellsworth Marquardt','kathryn.mann@yahoo.com','secret','2019-07-27 15:29:00','2019-07-27 15:29:00'),(67,'Jalon Bauch','vlockman@von.com','secret','2019-07-27 15:29:00','2019-07-27 15:29:00'),(68,'Dr. Jeffry Conn Jr.','blaise37@gmail.com','secret','2019-07-27 15:29:00','2019-07-27 15:29:00'),(69,'Dr. Clay Kuhic','helena45@yahoo.com','secret','2019-07-27 15:29:00','2019-07-27 15:29:00'),(70,'Michael Swift IV','joelle.corkery@doyle.com','secret','2019-07-27 15:29:00','2019-07-27 15:29:00'),(71,'Mr. Lorenza Mohr','frederick72@krajcik.com','secret','2019-07-27 15:29:00','2019-07-27 15:29:00'),(72,'Dr. Arnold Bruen MD','kirk30@hoeger.com','secret','2019-07-27 15:29:00','2019-07-27 15:29:00'),(73,'Arturo Skiles V','wilkinson.bernard@schimmel.org','secret','2019-07-27 15:29:00','2019-07-27 15:29:00'),(74,'Amira Renner Sr.','denesik.guiseppe@rau.com','secret','2019-07-27 15:29:00','2019-07-27 15:29:00'),(75,'Amanda O\'Hara','zwitting@goodwin.org','secret','2019-07-27 15:29:00','2019-07-27 15:29:00'),(76,'Phyllis Mitchell','sbeatty@yahoo.com','secret','2019-07-27 15:29:00','2019-07-27 15:29:00'),(77,'Alejandra Fadel','armand.howell@yahoo.com','secret','2019-07-27 15:29:00','2019-07-27 15:29:00'),(78,'Prof. Damian Wilkinson MD','destany.brakus@runolfsson.com','secret','2019-07-27 15:29:00','2019-07-27 15:29:00'),(79,'Alexandrea Simonis','alek55@shanahan.com','secret','2019-07-27 15:29:00','2019-07-27 15:29:00'),(80,'Maximillia Buckridge V','swaniawski.elna@moen.net','secret','2019-07-27 15:29:00','2019-07-27 15:29:00'),(81,'Mr. Javier Miller','tobin.mueller@yahoo.com','secret','2019-07-27 15:29:00','2019-07-27 15:29:00'),(82,'Kianna Goodwin','maureen84@hotmail.com','secret','2019-07-27 15:29:00','2019-07-27 15:29:00'),(83,'Cyril Murphy MD','luther.crona@hotmail.com','secret','2019-07-27 15:29:00','2019-07-27 15:29:00'),(84,'Briana Schiller','gonzalo.rau@hotmail.com','secret','2019-07-27 15:29:00','2019-07-27 15:29:00'),(85,'Rhett Howe I','ona.oreilly@yahoo.com','secret','2019-07-27 15:29:00','2019-07-27 15:29:00'),(86,'Mrs. Edwina Satterfield','pvolkman@brakus.com','secret','2019-07-27 15:29:00','2019-07-27 15:29:00'),(87,'Janiya Price','wyman.reese@gmail.com','secret','2019-07-27 15:29:00','2019-07-27 15:29:00'),(88,'Corene Osinski','robel.alaina@stanton.org','secret','2019-07-27 15:29:00','2019-07-27 15:29:00'),(89,'Blake Koch','yschinner@yahoo.com','secret','2019-07-27 15:29:00','2019-07-27 15:29:00'),(90,'Mrs. Domenica Stamm IV','dsawayn@ward.com','secret','2019-07-27 15:29:00','2019-07-27 15:29:00'),(91,'Dr. Velda Wyman','kshlerin.alexys@hotmail.com','secret','2019-07-27 15:29:00','2019-07-27 15:29:00'),(92,'Dr. Wiley Schmeler I','cartwright.jarrett@gmail.com','secret','2019-07-27 15:29:00','2019-07-27 15:29:00'),(93,'Dr. Katheryn Bayer I','mrau@medhurst.com','secret','2019-07-27 15:29:00','2019-07-27 15:29:00'),(94,'Tevin Feest','bkoss@gmail.com','secret','2019-07-27 15:29:00','2019-07-27 15:29:00'),(95,'Zachariah Marks','swaniawski.rowland@dare.org','secret','2019-07-27 15:29:00','2019-07-27 15:29:00'),(96,'Brando Ledner Jr.','chadd.bruen@hotmail.com','secret','2019-07-27 15:29:00','2019-07-27 15:29:00'),(97,'Abigail Stroman','mae60@casper.com','secret','2019-07-27 15:29:00','2019-07-27 15:29:00'),(98,'Karen Mraz PhD','rita84@christiansen.com','secret','2019-07-27 15:29:00','2019-07-27 15:29:00'),(99,'Mr. Osbaldo Hayes','beahan.domingo@waters.org','secret','2019-07-27 15:29:00','2019-07-27 15:29:00'),(100,'Marta Satterfield','kathryn.kuvalis@jacobs.biz','secret','2019-07-27 15:29:00','2019-07-27 15:29:00'),(101,'New','new@gmail.com','secret','2019-07-27 15:29:00','2019-07-27 15:29:00'),(102,'Maschine','maschine@gmail.com','secret','2019-07-27 15:29:00','2019-07-27 15:29:00'),(103,'Traktor','traktor@gmail.com','secret','2019-07-27 15:29:00','2019-07-27 15:29:00'),(104,'Komplete','komplete@gmail.com','secret','2019-07-27 15:29:00','2019-07-27 15:29:00'),(105,'Kontakt','kontakt@gmail.com','secret','2019-07-27 15:29:00','2019-07-27 15:29:00'),(106,'Reaktor','reaktor@gmail.com','secret','2019-07-27 15:29:00','2019-07-27 15:29:00');

/*!40101 SET SQL_MODE=@OLD_SQL_MODE */;
/*!40014 SET FOREIGN_KEY_CHECKS=@OLD_FOREIGN_KEY_CHECKS */;
/*!40014 SET UNIQUE_CHECKS=@OLD_UNIQUE_CHECKS */;
/*!40111 SET SQL_NOTES=@OLD_SQL_NOTES */;
